[
  {
    "LastUpdated": "2020-05-05T11:49:37.763",
    "POTitle": "",
    "POType": 0,
    "StoreID": 1,
    "WorksheetID": 0,
    "ID": 18,
    "PONumber": "PO00100000001",
    "Status": 0,
   "DateCreated": "2020-05-05T11:49:37.763",
    "To": "Fabrikam, Inc.  3929 East End Street  New York, NY 383882  Phone: (312) 555-1082    Contact: Michael Holm",
    "ShipTo": "Store 1  2982 Main St.  Newport Beach, CA 84382  Phone: (213) 555-0143",
    "Requisitioner": "",
    "ShipVia": "",
    "FOBPoint": "",
    "Terms": "",
    "TaxRate": 0.1,
    "Shipping": 0,
    "Freight": "",
   "RequiredDate": "2020-05-05T11:49:37.763",
    "ConfirmingTo": "",
    "Remarks": "",
    "SupplierID": 3,
    "DBTimeStamp": 8413,
    "OtherStoreID": 0,
    "CurrencyID": 0,
    "ExchangeRate": 1,
    "OtherPOID": 0,
    "InventoryLocation": 0,
    "IsPlaced": 0,
    "DatePlaced": null,
    "BatchNumber": 0,
    "EstShipping": 0,
    "CurrentShipping": 0,
    "EstOtherFees": 0,
    "CurrentOtherFees": 0,
    "OtherFees": 0,
    "CostDistributionMethod": 0,
    "ParentPOId": 0,
    "RootPOId": 0,
    "OriginPOId": 18,
    "MasterPO": "",
    "DiscrepancyStatus": 0,
    "SyncGuid": "0013508D-B093-4697-BD57-EE045ACBA0A3",
    "Entries": [
      {
        "ItemDescription": "R/C Train",
        "LastUpdated": "2020-05-05T11:49:37.763",
        "QuantityReceivedToDate": 0,
        "StoreID": 1,
        "ID": 114,
        "PurchaseOrderID": 18,
        "QuantityOrdered": 1,
        "QuantityReceived": 0,
        "ItemID": 2,
        "OrderNumber": 0,
        "Price": 84,
        "DBTimeStamp": 840,
        "TaxRate": 10,
        "InventoryOfflineID": 0,
        "ShippingPerItem": 0,
        "OtherFeesPerItem": 0,
        "LastQuantityReceived": 0,
        "LastReceivedDate": null,
        "SyncGuid": "001386DC-7D22-4461-AA55-2F0C61316DB6"
      },
      {
        "ItemDescription": "Football",
        "LastUpdated": "2020-05-05T11:49:37.763",
        "QuantityReceivedToDate": 0,
        "StoreID": 1,
        "ID": 115,
        "PurchaseOrderID": 18,
        "QuantityOrdered": 1,
        "QuantityReceived": 0,
        "ItemID": 4,
        "OrderNumber": 24234233,
        "Price": 5.75,
        "DBTimeStamp": 8410,
        "TaxRate": 10,
        "InventoryOfflineID": 0,
        "ShippingPerItem": 0,
        "OtherFeesPerItem": 0,
        "LastQuantityReceived": 0,
        "LastReceivedDate": null,
        "SyncGuid": "00176F51-4DAD-43B8-B840-6569DB688A66"
      },
      {
        "ItemDescription": "Basketball",
        "LastUpdated": "2020-05-05T11:49:37.763",
        "QuantityReceivedToDate": 0,
        "StoreID": 1,
        "ID": 116,
        "PurchaseOrderID": 18,
        "QuantityOrdered": 1,
        "QuantityReceived": 0,
        "ItemID": 48,
        "OrderNumber": 0,
        "Price": 5.75,
        "DBTimeStamp": 8411,
        "TaxRate": 10,
        "InventoryOfflineID": 0,
        "ShippingPerItem": 0,
        "OtherFeesPerItem": 0,
        "LastQuantityReceived": 0,
        "LastReceivedDate": null,
        "SyncGuid": "0017E993-FE4E-4910-BEAA-86DAE9653E34"
      },
      {
        "ItemDescription": "Soccer ball",
        "LastUpdated": "2020-05-05T11:49:37.763",
        "QuantityReceivedToDate": 0,
        "StoreID": 1,
        "ID": 117,
        "PurchaseOrderID": 18,
        "QuantityOrdered": 1,
        "QuantityReceived": 0,
        "ItemID": 49,
        "OrderNumber": 0,
        "Price": 5.75,
        "DBTimeStamp": 8412,
        "TaxRate": 10,
        "InventoryOfflineID": 0,
        "ShippingPerItem": 0,
        "OtherFeesPerItem": 0,
        "LastQuantityReceived": 0,
        "LastReceivedDate": null,
        "SyncGuid": "00168D45-B9E4-4B1E-98D0-D698AACECA81"
      }
    ]
  },
  {
    "LastUpdated": "2020-05-05T11:49:37.763",
    "POTitle": "",
    "POType": 2,
    "StoreID": 1,
    "WorksheetID": 0,
    "ID": 19,
    "PONumber": "TI00100000001",
    "Status": 0,
   "DateCreated": "2020-05-05T11:49:37.763",
    "To": "Standard TI",
    "ShipTo": "Store 1  2982 Main St.  Newport Beach, CA 84382  Phone: (213) 555-0143",
    "Requisitioner": "",
    "ShipVia": "",
    "FOBPoint": "",
    "Terms": "",
    "TaxRate": 0.0999,
    "Shipping": 0,
    "Freight": "",
   "RequiredDate": "2020-05-05T11:49:37.763",
    "ConfirmingTo": "",
    "Remarks": "",
    "SupplierID": 0,
    "DBTimeStamp": 8419,
    "OtherStoreID": 0,
    "CurrencyID": 0,
    "ExchangeRate": 1,
    "OtherPOID": 0,
    "InventoryLocation": 0,
    "IsPlaced": 0,
    "DatePlaced": null,
    "BatchNumber": 0,
    "EstShipping": 0,
    "CurrentShipping": 0,
    "EstOtherFees": 0,
    "CurrentOtherFees": 0,
    "OtherFees": 0,
    "CostDistributionMethod": 0,
    "ParentPOId": 0,
    "RootPOId": 0,
    "OriginPOId": 0,
    "MasterPO": "",
    "DiscrepancyStatus": 0,
    "SyncGuid": "0019F462-E53C-4BF8-BB07-659E4667C8B0",
    "Entries": [
      {
        "ItemDescription": "Football",
        "LastUpdated": "2020-05-05T11:49:37.763",
        "QuantityReceivedToDate": 0,
        "StoreID": 1,
        "ID": 118,
        "PurchaseOrderID": 19,
        "QuantityOrdered": 1,
        "QuantityReceived": 0,
        "ItemID": 4,
        "OrderNumber": 0,
        "Price": 5.87,
        "DBTimeStamp": 841,
        "TaxRate": 10,
        "InventoryOfflineID": 0,
        "ShippingPerItem": 0,
        "OtherFeesPerItem": 0,
        "LastQuantityReceived": 0,
        "LastReceivedDate": null,
        "SyncGuid": "001CC174-8C4F-4323-964D-2A1C0FED2E59"
      },
      {
        "ItemDescription": "Soccer ball",
        "LastUpdated": "2020-05-05T11:49:37.763",
        "QuantityReceivedToDate": 0,
        "StoreID": 1,
        "ID": 119,
        "PurchaseOrderID": 19,
        "QuantityOrdered": 1,
        "QuantityReceived": 0,
        "ItemID": 49,
        "OrderNumber": 0,
        "Price": 5.87,
        "DBTimeStamp": 841,
        "TaxRate": 10,
        "InventoryOfflineID": 0,
        "ShippingPerItem": 0,
        "OtherFeesPerItem": 0,
        "LastQuantityReceived": 0,
        "LastReceivedDate": null,
        "SyncGuid": "00134F70-A47D-4425-ACCA-5CD0BD342B7D"
      },
      {
        "ItemDescription": "Basketball",
        "LastUpdated": "2020-05-05T11:49:37.763",
        "QuantityReceivedToDate": 0,
        "StoreID": 1,
        "ID": 120,
        "PurchaseOrderID": 19,
        "QuantityOrdered": 1,
        "QuantityReceived": 0,
        "ItemID": 48,
        "OrderNumber": 0,
        "Price": 5.87,
        "DBTimeStamp": 841,
        "TaxRate": 10,
        "InventoryOfflineID": 0,
        "ShippingPerItem": 0,
        "OtherFeesPerItem": 0,
        "LastQuantityReceived": 0,
        "LastReceivedDate": null,
        "SyncGuid": "001A3B8B-2DD1-473B-8F7E-9ABF8282BE67"
      }
    ]
  },
  {
    "LastUpdated": "2020-05-05T11:49:37.763",
    "POTitle": "",
    "POType": 2,
    "StoreID": 1,
    "WorksheetID": 0,
    "ID": 20,
    "PONumber": "TI00100000002",
    "Status": 0,
   "DateCreated": "2020-05-05T11:49:37.763",
    "To": "Store 2  2343 Fifth Ave.  NY New York 39492  Phone :(312) 555-0102  Fax :",
    "ShipTo": "Store 1  2982 Main St.  Newport Beach, CA 84382  Phone: (213) 555-0143",
    "Requisitioner": "",
    "ShipVia": "",
    "FOBPoint": "",
    "Terms": "",
    "TaxRate": 0.0999,
    "Shipping": 0,
    "Freight": "",
   "RequiredDate": "2020-05-05T11:49:37.763",
    "ConfirmingTo": "",
    "Remarks": "",
    "SupplierID": 0,
    "DBTimeStamp": 8421,
    "OtherStoreID": 2,
    "CurrencyID": 0,
    "ExchangeRate": 1,
    "OtherPOID": 0,
    "InventoryLocation": 0,
    "IsPlaced": 0,
    "DatePlaced": null,
    "BatchNumber": 0,
    "EstShipping": 0,
    "CurrentShipping": 0,
    "EstOtherFees": 0,
    "CurrentOtherFees": 0,
    "OtherFees": 0,
    "CostDistributionMethod": 0,
    "ParentPOId": 0,
    "RootPOId": 0,
    "OriginPOId": 0,
    "MasterPO": "",
    "DiscrepancyStatus": 0,
    "SyncGuid": "00134886-EB05-4A79-B10A-4243746C0EDF",
    "Entries": [
      {
        "ItemDescription": "Small Baby Doll",
        "LastUpdated": "2020-05-05T11:49:37.763",
        "QuantityReceivedToDate": 0,
        "StoreID": 1,
        "ID": 121,
        "PurchaseOrderID": 20,
        "QuantityOrdered": 1,
        "QuantityReceived": 0,
        "ItemID": 45,
        "OrderNumber": 0,
        "Price": 2.45,
        "DBTimeStamp": 8422,
        "TaxRate": 10,
        "InventoryOfflineID": 0,
        "ShippingPerItem": 0,
        "OtherFeesPerItem": 0,
        "LastQuantityReceived": 0,
        "LastReceivedDate": null,
        "SyncGuid": "001CAF1D-ED4D-4765-A421-D68E795DF858"
      },
      {
        "ItemDescription": "Large Baby Doll",
        "LastUpdated": "2020-05-05T11:49:37.763",
        "QuantityReceivedToDate": 0,
        "StoreID": 1,
        "ID": 122,
        "PurchaseOrderID": 20,
        "QuantityOrdered": 1,
        "QuantityReceived": 0,
        "ItemID": 43,
        "OrderNumber": 0,
        "Price": 12.56,
        "DBTimeStamp": 8423,
        "TaxRate": 10,
        "InventoryOfflineID": 0,
        "ShippingPerItem": 0,
        "OtherFeesPerItem": 0,
        "LastQuantityReceived": 0,
        "LastReceivedDate": null,
        "SyncGuid": "00152641-B514-459C-9244-F81818E502A7"
      }
    ]
  },
  {
    "LastUpdated": "2020-05-05T11:49:37.763",
    "POTitle": "",
    "POType": 3,
    "StoreID": 1,
    "WorksheetID": 0,
    "ID": 21,
    "PONumber": "TO00100000006",
    "Status": 0,
   "DateCreated": "2020-05-05T11:49:37.763",
    "To": "Store 1  2982 Main St.,  Newport Beach,  CA,  Phone : (213) 555-0143  ",
    "ShipTo": "Standard TO",
    "Requisitioner": "",
    "ShipVia": "",
    "FOBPoint": "",
    "Terms": "",
    "TaxRate": 0.1,
    "Shipping": 0,
    "Freight": "",
   "RequiredDate": "2020-05-05T11:49:37.763",
    "ConfirmingTo": "",
    "Remarks": "",
    "SupplierID": 0,
    "DBTimeStamp": 8429,
    "OtherStoreID": 0,
    "CurrencyID": 0,
    "ExchangeRate": 1,
    "OtherPOID": 0,
    "InventoryLocation": 0,
    "IsPlaced": 0,
    "DatePlaced": null,
    "BatchNumber": 0,
    "EstShipping": 0,
    "CurrentShipping": 0,
    "EstOtherFees": 0,
    "CurrentOtherFees": 0,
    "OtherFees": 0,
    "CostDistributionMethod": 0,
    "ParentPOId": 0,
    "RootPOId": 0,
    "OriginPOId": 0,
    "MasterPO": "",
    "DiscrepancyStatus": 0,
    "SyncGuid": "001B8A53-28EA-486F-84CC-6525D3427D81",
    "Entries": [
      {
        "ItemDescription": "R/C Glider",
        "LastUpdated": "2020-05-05T11:49:37.763",
        "QuantityReceivedToDate": 0,
        "StoreID": 1,
        "ID": 123,
        "PurchaseOrderID": 21,
        "QuantityOrdered": 1,
        "QuantityReceived": 0,
        "ItemID": 1,
        "OrderNumber": 0,
        "Price": 110.34,
        "DBTimeStamp": 842,
        "TaxRate": 10,
        "InventoryOfflineID": 0,
        "ShippingPerItem": 0,
        "OtherFeesPerItem": 0,
        "LastQuantityReceived": 0,
        "LastReceivedDate": null,
        "SyncGuid": "001F23EC-5433-49FC-82CF-E430BBA338A2"
      },
      {
        "ItemDescription": "R/C Train",
        "LastUpdated": "2020-05-05T11:49:37.763",
        "QuantityReceivedToDate": 0,
        "StoreID": 1,
        "ID": 124,
        "PurchaseOrderID": 21,
        "QuantityOrdered": 1,
        "QuantityReceived": 0,
        "ItemID": 2,
        "OrderNumber": 0,
        "Price": 78.34,
        "DBTimeStamp": 842,
        "TaxRate": 10,
        "InventoryOfflineID": 0,
        "ShippingPerItem": 0,
        "OtherFeesPerItem": 0,
        "LastQuantityReceived": 0,
        "LastReceivedDate": null,
        "SyncGuid": "00144526-28F0-4014-8F98-E68146198C27"
      }
    ]
  },
  {
    "LastUpdated": "2020-05-05T11:49:37.763",
    "POTitle": "",
    "POType": 3,
    "StoreID": 1,
    "WorksheetID": 0,
    "ID": 22,
    "PONumber": "TO00100000007",
    "Status": 0,
   "DateCreated": "2020-05-05T11:49:37.763",
    "To": "Store 1  2982 Main St.,  Newport Beach,  CA,  Phone : (213) 555-0143  ",
    "ShipTo": "Store 2  2343 Fifth Ave.  NY New York 39492  Phone :(312) 555-0102  Fax :",
    "Requisitioner": "",
    "ShipVia": "",
    "FOBPoint": "",
    "Terms": "",
    "TaxRate": 0.1,
    "Shipping": 0,
    "Freight": "",
   "RequiredDate": "2020-05-05T11:49:37.763",
    "ConfirmingTo": "",
    "Remarks": "",
    "SupplierID": 0,
    "DBTimeStamp": 8432,
    "OtherStoreID": 2,
    "CurrencyID": 0,
    "ExchangeRate": 1,
    "OtherPOID": 0,
    "InventoryLocation": 0,
    "IsPlaced": 0,
    "DatePlaced": null,
    "BatchNumber": 0,
    "EstShipping": 0,
    "CurrentShipping": 0,
    "EstOtherFees": 0,
    "CurrentOtherFees": 0,
    "OtherFees": 0,
    "CostDistributionMethod": 0,
    "ParentPOId": 0,
    "RootPOId": 0,
    "OriginPOId": 0,
    "MasterPO": "",
    "DiscrepancyStatus": 0,
    "SyncGuid": "001E12E3-8043-4A50-B2A0-E3BC1709312D",
    "Entries": [
      {
        "ItemDescription": "Pajamas - Small Pink Bears",
        "LastUpdated": "2020-05-05T11:49:37.763",
        "QuantityReceivedToDate": 0,
        "StoreID": 1,
        "ID": 125,
        "PurchaseOrderID": 22,
        "QuantityOrdered": 1,
        "QuantityReceived": 0,
        "ItemID": 13,
        "OrderNumber": 0,
        "Price": 75,
        "DBTimeStamp": 8433,
        "TaxRate": 10,
        "InventoryOfflineID": 0,
        "ShippingPerItem": 0,
        "OtherFeesPerItem": 0,
        "LastQuantityReceived": 0,
        "LastReceivedDate": null,
        "SyncGuid": "001663CD-8588-4A81-8350-3EDFFE9D32B3"
      },
      {
        "ItemDescription": "Pajamas - Medium Blue Bears",
        "LastUpdated": "2020-05-05T11:49:37.763",
        "QuantityReceivedToDate": 0,
        "StoreID": 1,
        "ID": 126,
        "PurchaseOrderID": 22,
        "QuantityOrdered": 1,
        "QuantityReceived": 0,
        "ItemID": 22,
        "OrderNumber": 0,
        "Price": 75,
        "DBTimeStamp": 8434,
        "TaxRate": 10,
        "InventoryOfflineID": 0,
        "ShippingPerItem": 0,
        "OtherFeesPerItem": 0,
        "LastQuantityReceived": 0,
        "LastReceivedDate": null,
        "SyncGuid": "0014737E-7E7D-44B1-B751-312648B09F00"
      }
    ]
  },
  {
    "LastUpdated": "2020-05-05T11:49:37.763",
    "POTitle": "",
    "POType": 3,
    "StoreID": 1,
    "WorksheetID": 0,
    "ID": 23,
    "PONumber": "TO00100000008",
    "Status": 0,
   "DateCreated": "2020-05-05T11:49:37.763",
    "To": "Store 1  2982 Main St.,  Newport Beach,  CA,  Phone : (213) 555-0143  ",
    "ShipTo": "Wide World Importers  1929 FIfth Ave. NE  St. Louis, MS 94954  Phone: (335) 555-1082    Contact: Jonas Hasselberg",
    "Requisitioner": "",
    "ShipVia": "",
    "FOBPoint": "",
    "Terms": "",
    "TaxRate": 0.0952,
    "Shipping": 0,
    "Freight": "",
   "RequiredDate": "2020-05-05T11:49:37.763",
    "ConfirmingTo": "",
    "Remarks": "",
    "SupplierID": 4,
    "DBTimeStamp": "000000000000843E",
    "OtherStoreID": 0,
    "CurrencyID": 0,
    "ExchangeRate": 1,
    "OtherPOID": 0,
    "InventoryLocation": 0,
    "IsPlaced": 0,
    "DatePlaced": null,
    "BatchNumber": 0,
    "EstShipping": 0,
    "CurrentShipping": 0,
    "EstOtherFees": 0,
    "CurrentOtherFees": 0,
    "OtherFees": 0,
    "CostDistributionMethod": 0,
    "ParentPOId": 0,
    "RootPOId": 0,
    "OriginPOId": 0,
    "MasterPO": "",
    "DiscrepancyStatus": 0,
    "SyncGuid": "00171A20-BDDB-4AB6-9C03-BFF5EAB6CF6F",
    "Entries": [
      {
        "ItemDescription": "Pajamas - Medium Blue Kitten",
        "LastUpdated": "2020-05-05T11:49:37.763",
        "QuantityReceivedToDate": 0,
        "StoreID": 1,
        "ID": 127,
        "PurchaseOrderID": 22,
        "QuantityOrdered": 1,
        "QuantityReceived": 0,
        "ItemID": 23,
        "OrderNumber": 0,
        "Price": 75,
        "DBTimeStamp": 8435,
        "TaxRate": 10,
        "InventoryOfflineID": 0,
        "ShippingPerItem": 0,
        "OtherFeesPerItem": 0,
        "LastQuantityReceived": 0,
        "LastReceivedDate": null,
        "SyncGuid": "0018EBC4-16B3-4C5A-A1D1-5A4F66302234"
      },
      {
        "ItemDescription": "Infant Walker",
        "LastUpdated": "2020-05-05T11:49:37.763",
        "QuantityReceivedToDate": 0,
        "StoreID": 1,
        "ID": 128,
        "PurchaseOrderID": 23,
        "QuantityOrdered": 1,
        "QuantityReceived": 0,
        "ItemID": 6,
        "OrderNumber": 435353,
        "Price": 9.99,
        "DBTimeStamp": 843,
        "TaxRate": 0,
        "InventoryOfflineID": 0,
        "ShippingPerItem": 0,
        "OtherFeesPerItem": 0,
        "LastQuantityReceived": 0,
        "LastReceivedDate": null,
        "SyncGuid": "001E5CB9-A1A7-4F52-A2ED-D969AE39D119"
      },
      {
        "ItemDescription": "Lollypop",
        "LastUpdated": "2020-05-05T11:49:37.763",
        "QuantityReceivedToDate": 0,
        "StoreID": 1,
        "ID": 129,
        "PurchaseOrderID": 23,
        "QuantityOrdered": 1,
        "QuantityReceived": 0,
        "ItemID": 46,
        "OrderNumber": 345345345,
        "Price": 0.25,
        "DBTimeStamp": 8440,
        "TaxRate": 10,
        "InventoryOfflineID": 0,
        "ShippingPerItem": 0,
        "OtherFeesPerItem": 0,
        "LastQuantityReceived": 0,
        "LastReceivedDate": null,
        "SyncGuid": "0017C8FC-C155-4B4D-AABC-22AD1E9E2DBE"
      },
      {
        "ItemDescription": "R/C Train",
        "LastUpdated": "2020-05-05T11:49:37.763",
        "QuantityReceivedToDate": 0,
        "StoreID": 1,
        "ID": 130,
        "PurchaseOrderID": 23,
        "QuantityOrdered": 1,
        "QuantityReceived": 0,
        "ItemID": 2,
        "OrderNumber": 0,
        "Price": 86,
        "DBTimeStamp": 8441,
        "TaxRate": 10,
        "InventoryOfflineID": 0,
        "ShippingPerItem": 0,
        "OtherFeesPerItem": 0,
        "LastQuantityReceived": 0,
        "LastReceivedDate": null,
        "SyncGuid": "0012AF82-CB35-4210-B6A0-3A0508D05AA0"
      },
      {
        "ItemDescription": "R/C Glider",
        "LastUpdated": "2020-05-05T11:49:37.763",
        "QuantityReceivedToDate": 0,
        "StoreID": 1,
        "ID": 131,
        "PurchaseOrderID": 23,
        "QuantityOrdered": 1,
        "QuantityReceived": 0,
        "ItemID": 1,
        "OrderNumber": 0,
        "Price": 113.45,
        "DBTimeStamp": 8442,
        "TaxRate": 10,
        "InventoryOfflineID": 0,
        "ShippingPerItem": 0,
        "OtherFeesPerItem": 0,
        "LastQuantityReceived": 0,
        "LastReceivedDate": null,
        "SyncGuid": "001223F5-9C8E-4AA5-A58B-9BB97A04B5A3"
      }
    ]
  }
]