﻿<?xml version="1.0"?>
<BusinessObject ModuleName="RMHC Pos Extension" xmlns:xsi="http://www.w3.org/2001/XMLSchema-instance" xmlns:xsd="http://www.w3.org/2001/XMLSchema">
	<Prerequisites>
		<Prerequisite Table="Department" Column="SyncGuid" />
		<Prerequisite Table="Category" Column="SyncGuid" />
		<Prerequisite Table="Message" Column="SyncGuid" IncludeInJob="false" />
		<Prerequisite Table="QuantityDiscount" Column="SyncGuid" IncludeInJob="false"/>
		<Prerequisite Table="Tax" Column="SyncGuid" IncludeInJob="false"/>
		<Prerequisite Table="Supplier" Column="SyncGuid" IncludeInJob="false" />
		<Prerequisite Table="Tender" Column="SyncGuid" IncludeInJob="false"/>
	</Prerequisites>
	<Jobs>
		<Job IsMandatory="true" Name="Item" Table="Item">
			<LinkedJobs />
		</Job>
	</Jobs>
	<JobTemplates>
		<JobTemplate Name="Item" Table="Item">
			<Fields>
				<Field Name="SyncGuid" Type="UniqueIdentifier" IgnoreForUpdate="true" IsSyncKey="true" />
				<Field Name="Price" Type="Money"  IsMandatory="true"/>
				<Field Name="Cost" Type="Money"  IsMandatory="true"/>
				<Field Name="Quantity" Type="Float"  IsMandatory="true"/>
			</Fields>
		</JobTemplate>
	</JobTemplates>
</BusinessObject>