﻿<?xml version="1.0"?>
<BusinessObject ModuleName="RMHC Pos Extension" xmlns:xsi="http://www.w3.org/2001/XMLSchema-instance" xmlns:xsd="http://www.w3.org/2001/XMLSchema">
	<Prerequisites>
		<Prerequisite Table="Cashier" Column="SyncGuid" IncludeInJob="false" />
		<Prerequisite Table="SalesRep" Column="SyncGuid" />
	</Prerequisites>
	<Jobs>
		<Job IsMandatory="true" Name="Customer" Table="Customer">
			<LinkedJobs/>
		</Job>
	</Jobs>
	<JobTemplates>
		<JobTemplate Name="Customer" Table="Customer">
			<Fields>
				<Field Name="SyncGuid" Type="UniqueIdentifier" IgnoreForUpdate="true" IsSyncKey="true" />
				<Field Name="Company" Type="NVarChar" IsMandatory="true"/>
				<Field Name="Country" Type="NVarChar" IsMandatory="true"/>	
			</Fields>
		</JobTemplate>		
	</JobTemplates>
</BusinessObject>